{"cameraMode":{"drawMode":0,"name":"Shaded","section":"Shading Mode"},"sceneLighting":false,"audioPlay":false,"sceneViewState":{"m_AlwaysRefresh":false,"showFog":true,"showSkybox":false,"showFlares":true,"showImageEffects":true,"showParticleSystems":true,"showVisualEffectGraphs":true,"m_FxEnabled":true},"in2DMode":false,"pivot":{"x":4.733855724334717,"y":2.734107494354248,"z":-1.4687150716781617},"rotation":{"x":-0.2031358778476715,"y":0.056067533791065219,"z":-0.011651946231722832,"w":-0.9774764180183411},"size":3.9879143238067629,"orthographic":false}