{"cameraMode":{"drawMode":0,"name":"Shaded","section":"Shading Mode"},"sceneLighting":false,"audioPlay":false,"sceneViewState":{"m_AlwaysRefresh":false,"showFog":true,"showSkybox":false,"showFlares":true,"showImageEffects":true,"showParticleSystems":true,"showVisualEffectGraphs":true,"m_FxEnabled":true},"in2DMode":false,"pivot":{"x":0.5711923241615295,"y":2.6640424728393556,"z":0.7884964942932129},"rotation":{"x":0.3962477147579193,"y":0.04734576493501663,"z":-0.02046521008014679,"w":0.9166966676712036},"size":4.433065891265869,"orthographic":false}