{"cameraMode":{"drawMode":0,"name":"Shaded","section":"Shading Mode"},"sceneLighting":true,"audioPlay":false,"sceneViewState":{"m_AlwaysRefresh":false,"showFog":true,"showSkybox":true,"showFlares":true,"showImageEffects":true,"showParticleSystems":true,"showVisualEffectGraphs":true,"m_FxEnabled":true},"in2DMode":false,"pivot":{"x":16.101646423339845,"y":7.440079689025879,"z":4.204497337341309},"rotation":{"x":-0.23704887926578523,"y":-0.6399399042129517,"z":0.21722330152988435,"w":-0.6981005072593689},"size":0.023346662521362306,"orthographic":false}