{"cameraMode":{"drawMode":0,"name":"Shaded","section":"Shading Mode"},"sceneLighting":false,"audioPlay":false,"sceneViewState":{"m_AlwaysRefresh":false,"showFog":true,"showSkybox":false,"showFlares":true,"showImageEffects":true,"showParticleSystems":true,"showVisualEffectGraphs":true,"m_FxEnabled":true},"in2DMode":false,"pivot":{"x":12.1899995803833,"y":0.14100000262260438,"z":9.02299976348877},"rotation":{"x":0.0012913440586999059,"y":0.9987552762031555,"z":0.033572178333997729,"w":-0.038044191896915439},"size":0.1212432011961937,"orthographic":false}