{"cameraMode":{"drawMode":0,"name":"Shaded","section":"Shading Mode"},"sceneLighting":false,"audioPlay":false,"sceneViewState":{"m_AlwaysRefresh":false,"showFog":true,"showSkybox":false,"showFlares":true,"showImageEffects":true,"showParticleSystems":true,"showVisualEffectGraphs":true,"m_FxEnabled":true},"in2DMode":false,"pivot":{"x":0.44619786739349368,"y":1.3538455963134766,"z":15.131743431091309},"rotation":{"x":0.02113407477736473,"y":-0.5636153221130371,"z":0.014264337718486786,"w":0.8257398009300232},"size":1.4403269290924073,"orthographic":false}