{"cameraMode":{"drawMode":0,"name":"Shaded","section":"Shading Mode"},"sceneLighting":false,"audioPlay":false,"sceneViewState":{"m_AlwaysRefresh":false,"showFog":true,"showSkybox":false,"showFlares":true,"showImageEffects":true,"showParticleSystems":true,"showVisualEffectGraphs":true,"m_FxEnabled":true},"in2DMode":false,"pivot":{"x":0.9651415348052979,"y":0.842328667640686,"z":16.346593856811525},"rotation":{"x":0.06489585340023041,"y":-0.2737613916397095,"z":0.018392885103821756,"w":0.9595121145248413},"size":1.4403269290924073,"orthographic":false}