{"cameraMode":{"drawMode":0,"name":"Shaded","section":"Shading Mode"},"sceneLighting":false,"audioPlay":false,"sceneViewState":{"m_AlwaysRefresh":false,"showFog":false,"showSkybox":false,"showFlares":false,"showImageEffects":false,"showParticleSystems":false,"showVisualEffectGraphs":true,"m_FxEnabled":true},"in2DMode":false,"pivot":{"x":-0.06203332543373108,"y":0.6103982925415039,"z":-0.40564918518066409},"rotation":{"x":-0.01890353113412857,"y":-0.9566900730133057,"z":0.28340601921081545,"w":-0.0638115257024765},"size":1.3477294445037842,"orthographic":false}