{"cameraMode":{"drawMode":0,"name":"Shaded","section":"Shading Mode"},"sceneLighting":false,"audioPlay":false,"sceneViewState":{"m_AlwaysRefresh":false,"showFog":true,"showSkybox":false,"showFlares":true,"showImageEffects":true,"showParticleSystems":true,"showVisualEffectGraphs":true,"m_FxEnabled":true},"in2DMode":false,"pivot":{"x":9.200841903686524,"y":0.8727338314056397,"z":0.3522672653198242},"rotation":{"x":0.008997894823551178,"y":-0.02099768817424774,"z":0.0001889872655738145,"w":0.9997413158416748},"size":1.254433274269104,"orthographic":false}