{"cameraMode":{"drawMode":0,"name":"Shaded","section":"Shading Mode"},"sceneLighting":false,"audioPlay":false,"sceneViewState":{"m_AlwaysRefresh":false,"showFog":false,"showSkybox":false,"showFlares":false,"showImageEffects":false,"showParticleSystems":false,"showVisualEffectGraphs":true,"m_FxEnabled":true},"in2DMode":false,"pivot":{"x":-0.06447543948888779,"y":0.7065973877906799,"z":-0.45492425560951235},"rotation":{"x":-0.006094857584685087,"y":-0.9643115401268005,"z":0.26376911997795107,"w":-0.02228115126490593},"size":-0.16675925254821778,"orthographic":false}