{"cameraMode":{"drawMode":0,"name":"Shaded","section":"Shading Mode"},"sceneLighting":false,"audioPlay":false,"sceneViewState":{"m_AlwaysRefresh":false,"showFog":true,"showSkybox":false,"showFlares":true,"showImageEffects":true,"showParticleSystems":true,"showVisualEffectGraphs":true,"m_FxEnabled":true},"in2DMode":false,"pivot":{"x":3.827021837234497,"y":0.924323320388794,"z":8.503792762756348},"rotation":{"x":0.000017799950001062825,"y":-0.21951773762702943,"z":0.00007459984044544399,"w":-0.9756752252578735},"size":3.8072216510772707,"orthographic":false}