{"cameraMode":{"drawMode":0,"name":"Shaded","section":"Shading Mode"},"sceneLighting":false,"audioPlay":false,"sceneViewState":{"m_AlwaysRefresh":false,"showFog":true,"showSkybox":false,"showFlares":true,"showImageEffects":true,"showParticleSystems":true,"showVisualEffectGraphs":true,"m_FxEnabled":true},"in2DMode":false,"pivot":{"x":13.640252113342286,"y":-1.258254051208496,"z":4.5007147789001469},"rotation":{"x":-0.4372456669807434,"y":0.03936631977558136,"z":-0.019161833450198175,"w":-0.8982766270637512},"size":2.2004354000091554,"orthographic":false}