{"cameraMode":{"drawMode":0,"name":"Shaded","section":"Shading Mode"},"sceneLighting":false,"audioPlay":false,"sceneViewState":{"m_AlwaysRefresh":false,"showFog":true,"showSkybox":false,"showFlares":true,"showImageEffects":true,"showParticleSystems":true,"showVisualEffectGraphs":true,"m_FxEnabled":true},"in2DMode":false,"pivot":{"x":0.10459327697753906,"y":-0.24742746353149415,"z":-0.011486031115055085},"rotation":{"x":0.2616885304450989,"y":0.3342273235321045,"z":-0.0971551313996315,"w":0.9002162218093872},"size":0.2651650309562683,"orthographic":false}