{"cameraMode":{"drawMode":0,"name":"Shaded","section":"Shading Mode"},"sceneLighting":false,"audioPlay":false,"sceneViewState":{"m_AlwaysRefresh":false,"showFog":true,"showSkybox":false,"showFlares":true,"showImageEffects":true,"showParticleSystems":true,"showVisualEffectGraphs":true,"m_FxEnabled":true},"in2DMode":false,"pivot":{"x":4.479743480682373,"y":1.29634428024292,"z":3.5770599842071535},"rotation":{"x":-0.005311019718647003,"y":0.9859545230865479,"z":-0.031954336911439899,"w":-0.16387496888637544},"size":1.0033268928527833,"orthographic":false}