{"cameraMode":{"drawMode":0,"name":"Shaded","section":"Shading Mode"},"sceneLighting":false,"audioPlay":false,"sceneViewState":{"m_AlwaysRefresh":false,"showFog":false,"showSkybox":false,"showFlares":false,"showImageEffects":false,"showParticleSystems":false,"showVisualEffectGraphs":true,"m_FxEnabled":true},"in2DMode":false,"pivot":{"x":0.1741982102394104,"y":0.9859088063240051,"z":-0.038998574018478397},"rotation":{"x":0.29086440801620486,"y":0.354423850774765,"z":-0.11701921373605728,"w":0.8809623122215271},"size":1.2088127136230469,"orthographic":false}